[
 {
   "Dpt": "Ain",
   "ville": "01160 Saint-Martin-du-Mont"
 },
 {
   "Dpt": "Aisne",
   "ville": "02000 Clacy-et-Thierret"
 },
 {
   "Dpt": "Allier",
   "ville": "03240 Treban"
 },
 {
   "Dpt": "Alpes-de-Haute-Provence",
   "ville": "04000 Digne-les-Bains"
 },
 {
   "Dpt": "Hautes-Alpes",
   "ville": "05260 Saint-Jean-Saint-Nicolas"
 },
 {
   "Dpt": "Alpes-Maritimes",
   "ville": "06710 Massoins"
 },
 {
   "Dpt": "Ardèche",
   "ville": "07530 Saint-Joseph-des-Bancs"
 },
 {
   "Dpt": "Ardennes",
   "ville": "08430 Mazerny"
 },
 {
   "Dpt": "Ariège",
   "ville": "09000 Brassac"
 },
 {
   "Dpt": "Aube",
   "ville": "10410 Villechétif"
 },
 {
   "Dpt": "Aude",
   "ville": "11250 Ladern-sur-Lauquet"
 },
 {
   "Dpt": "Aveyron",
   "ville": "12290 Pont-de-Salars"
 },
 {
   "Dpt": "Bouches-du-Rhône",
   "ville": "13250 Saint-Chamas"
 },
 {
   "Dpt": "Calvados",
   "ville": "14320 May-sur-Orne"
 },
 {
   "Dpt": "Cantal",
   "ville": "15800 Thiézac"
 },
 {
   "Dpt": "Charente",
   "ville": "16430 Champniers"
 },
 {
   "Dpt": "Charente-Maritime",
   "ville": "17810 Saint-Georges-des-Coteaux"
 },
 {
   "Dpt": "Cher",
   "ville": "18390 Osmoy"
 },
 {
   "Dpt": "Corrèze",
   "ville": "19800 Corrèze"
 },
 {
   "Dpt": "Corse-du-Sud",
   "ville": "20190 Santa-Maria-Siché"
 },
 {
   "Dpt": "Haute-Corse",
   "ville": "20244 Lano"
 },
 {
   "Dpt": "Côte-d'Or",
   "ville": "21440 Saint-Martin-du-Mont"
 },
 {
   "Dpt": "Côtes-d'Armor",
   "ville": "22800 Plaine-Haute"
 },
 {
   "Dpt": "Creuse",
   "ville": "23150 Ahun"
 },
 {
   "Dpt": "Dordogne",
   "ville": "24660 Notre-Dame-de-Sanilhac"
 },
 {
   "Dpt": "Doubs",
   "ville": "25530 Chevigney-lès-Vercel"
 },
 {
   "Dpt": "Drôme",
   "ville": "26340 Saint-Sauveur-en-Diois"
 },
 {
   "Dpt": "Eure",
   "ville": "27110 Quittebeuf"
 },
 {
   "Dpt": "Eure-et-Loir",
   "ville": "28120 Nogent-sur-Eure"
 },
 {
   "Dpt": "Finistère",
   "ville": "29590 Lopérec"
 },
 {
   "Dpt": "Gard",
   "ville": "30190 Boucoiran-et-Nozières"
 },
 {
   "Dpt": "Haute-Garonne",
   "ville": "31410 Longages"
 },
 {
   "Dpt": "Gers",
   "ville": "32350 Ordan-Larroque"
 },
 {
   "Dpt": "Gironde",
   "ville": "33000 Bordeaux"
 },
 {
   "Dpt": "Hérault",
   "ville": "34800 Cabrières"
 },
 {
   "Dpt": "Ille-et-Vilaine",
   "ville": "35830 Betton"
 },
 {
   "Dpt": "Indre",
   "ville": "36250 Niherne/Saint-Maur"
 },
 {
   "Dpt": "Indre-et-Loire",
   "ville": "37250 Sorigny"
 },
 {
   "Dpt": "Isère",
   "ville": "38113 Veurey-Voroize"
 },
 {
   "Dpt": "Jura",
   "ville": "39210 La Marre"
 },
 {
   "Dpt": "Landes",
   "ville": "40110 Villenave"
 },
 {
   "Dpt": "Loir-et-Cher",
   "ville": "41350 Saint-Claude-de-Diray"
 },
 {
   "Dpt": "Loire",
   "ville": "42110 Poncins"
 },
 {
   "Dpt": "Haute-Loire",
   "ville": "43350 Saint-Paulien"
 },
 {
   "Dpt": "Loire-Atlantique",
   "ville": "44130 Notre-Dame-des-Landes"
 },
 {
   "Dpt": "Loiret",
   "ville": "45110 Saint-Martin-d’Abbat"
 },
 {
   "Dpt": "Lot",
   "ville": "46240 Soulomès"
 },
 {
   "Dpt": "Lot-et-Garonne",
   "ville": "47260 Granges-sur-Lot"
 },
 {
   "Dpt": "Lozère",
   "ville": "48000 Mende"
 },
 {
   "Dpt": "Maine-et-Loire",
   "ville": "49610 Mûrs-Erigné"
 },
 {
   "Dpt": "Manche",
   "ville": "50210 Camprond"
 },
 {
   "Dpt": "Marne",
   "ville": "51510 Saint-Pierre"
 },
 {
   "Dpt": "Haute-Marne",
   "ville": "52000 Chamarandes-Choignes"
 },
 {
   "Dpt": "Mayenne",
   "ville": "53950 La Chapelle-Anthenaise"
 },
 {
   "Dpt": "Meurthe-et-Moselle",
   "ville": "54670 Malleloy"
 },
 {
   "Dpt": "Meuse",
   "ville": "55220 Récourt-le-Creux"
 },
 {
   "Dpt": "Morbihan",
   "ville": "56500 Moustoir-Ac"
 },
 {
   "Dpt": "Moselle",
   "ville": "57380 Guessling-Hémering "
 },
 {
   "Dpt": "Nièvre",
   "ville": "58330 Saint-Saulge"
 },
 {
   "Dpt": "Nord",
   "ville": "59310 Coutiches"
 },
 {
   "Dpt": "Oise",
   "ville": "60600 Fitz-James"
 },
 {
   "Dpt": "Orne",
   "ville": "61500 Belfonds"
 },
 {
   "Dpt": "Pas-de-Calais",
   "ville": "62134 Fontaine-lès-Boulans"
 },
 {
   "Dpt": "Puy-de-Dôme",
   "ville": "63170 Pérignat-lès-Sarliève"
 },
 {
   "Dpt": "Pyrénées-Atlantiques",
   "ville": "64190 Gurs"
 },
 {
   "Dpt": "Hautes-Pyrénées",
   "ville": "65200 Gerde"
 },
 {
   "Dpt": "Pyrénées-Orientales",
   "ville": "66320 Finestret"
 },
 {
   "Dpt": "Bas-Rhin",
   "ville": "67370 Schnersheim"
 },
 {
   "Dpt": "Haut-Rhin",
   "ville": "68540 Feldkirch"
 },
 {
   "Dpt": "Rhône",
   "ville": "69380 Châtillon"
 },
 {
   "Dpt": "Haute-Saône",
   "ville": "70000 Montigny-lès-Vesoul"
 },
 {
   "Dpt": "Saône-et-Loire",
   "ville": "71460 Collonge-en-Charollais"
 },
 {
   "Dpt": "Sarthe",
   "ville": "72000 Le Mans"
 },
 {
   "Dpt": "Savoie",
   "ville": "73260 Les Avanchers-Valmorel"
 },
 {
   "Dpt": "Haute-Savoie",
   "ville": "74130 Brizon"
 },
 {
   "Dpt": "Paris",
   "ville": "75001 Paris "
 },
 {
   "Dpt": "Seine-Maritime",
   "ville": "76890 Varneville-Bretteville"
 },
 {
   "Dpt": "Seine-et-Marne",
   "ville": "77720 Quiers"
 },
 {
   "Dpt": "Yvelines",
   "ville": "78490 Vicq"
 },
 {
   "Dpt": "Deux-Sèvres",
   "ville": "79310 Mazières-en-Gâtine"
 },
 {
   "Dpt": "Somme",
   "ville": "80260 Bertangles"
 },
 {
   "Dpt": "Tarn",
   "ville": "81120 Réalmont"
 },
 {
   "Dpt": "Tarn-et-Garonne",
   "ville": "82130 Villemade"
 },
 {
   "Dpt": "Var",
   "ville": "83570 Carcès"
 },
 {
   "Dpt": "Vaucluse",
   "ville": "84210 Venasque"
 },
 {
   "Dpt": "Vendée",
   "ville": "85310 La Chaize-le-Vicomte"
 },
 {
   "Dpt": "Vienne",
   "ville": "86800 Saint-Julien-l’Ars"
 },
 {
   "Dpt": "Haute-Vienne",
   "ville": "87270 Couzeix"
 },
 {
   "Dpt": "Vosges",
   "ville": "88390 Uxegney"
 },
 {
   "Dpt": "Yonne",
   "ville": "89470 Monéteau"
 },
 {
   "Dpt": "Territoire de Belfort",
   "ville": "90340 Chèvremont"
 },
 {
   "Dpt": "Essonne",
   "ville": "91510 Lardy"
 },
 {
   "Dpt": "Hauts-de-Seine",
   "ville": "92100 Boulogne/75016 Paris"
 },
 {
   "Dpt": "Seine-Saint-Denis",
   "ville": "93140 Bondy"
 },
 {
   "Dpt": "Val-de-Marne",
   "ville": "94000 Créteil"
 },
 {
   "Dpt": "Val-d'Oise",
   "ville": "95430 Auvers-sur-Oise"
 }
]